{
    "medication": {
        "Levenshtein": {
            "f1": 77.93329231835702,
            "exact_match": 25.04280821917808,
            "f1_span": 74.04195536273805,
            "overall_time": 12195.992993354797
        },
        "Awesome": {
            "f1": 71.29744124339635,
            "exact_match": 49.22945205479452,
            "f1_span": 70.69437695767823,
            "overall_time": 17429.295860528946
        }
    },
    "relations": {
        "Levenshtein": {
            "f1": 82.87122389340733,
            "exact_match": 34.618726917227896,
            "f1_span": 79.66739847646836,
            "overall_time": 21691.189756155014
        },
        "Awesome": {
            "f1": 72.10948964511796,
            "exact_match": 52.422333260916794,
            "f1_span": 71.18087730699574,
            "overall_time": 27796.854068756104
        }
    }
}