{
    "mBERT": {
        "pl": {
            "medication": {
                "Awesome": {
                    "3": {
                        "QA": {
                            "exact_match": 24.666988750086272,
                            "f1": 65.29268977197755
                        }
                    },
                    "2": {
                        "QA": {
                            "exact_match": 19.027474422347396,
                            "f1": 60.35764836404556
                        }
                    },
                    "1": {
                        "QA": {
                            "exact_match": 23.712750131964107,
                            "f1": 63.97490913820157
                        }
                    }
                }
            },
            "relations": {
                "FastAlign": {
                    "3": {
                        "QA": {
                            "exact_match": 56.72656757742118,
                            "f1": 81.49342632168788
                        }
                    },
                    "2": {
                        "QA": {
                            "exact_match": 53.970860158803326,
                            "f1": 79.61374361789167
                        }
                    },
                    "1": {
                        "QA": {
                            "exact_match": 54.90107935639283,
                            "f1": 80.15391610807252
                        }
                    }
                },
                "Awesome": {
                    "1": {
                        "QA": {
                            "exact_match": 53.75820266882961,
                            "f1": 77.31625144306841
                        }
                    },
                    "3": {
                        "QA": {
                            "exact_match": 53.623379848565705,
                            "f1": 77.34357336648955
                        }
                    },
                    "2": {
                        "QA": {
                            "exact_match": 51.56498453920619,
                            "f1": 75.83052951566478
                        }
                    }
                }
            }
        },
        "cs": {
            "medication": {
                "Awesome": {
                    "3": {
                        "QA": {
                            "exact_match": 27.37709066648262,
                            "f1": 67.24011565870944
                        }
                    },
                    "2": {
                        "QA": {
                            "exact_match": 17.93309575813312,
                            "f1": 61.50497155360083
                        }
                    },
                    "1": {
                        "QA": {
                            "exact_match": 22.604251643552953,
                            "f1": 64.48395411996283
                        }
                    }
                }
            },
            "relations": {
                "FastAlign": {
                    "3": {
                        "QA": {
                            "exact_match": 59.435582303428674,
                            "f1": 83.4712074961534
                        }
                    },
                    "2": {
                        "QA": {
                            "exact_match": 55.10879530116176,
                            "f1": 81.34514759092316
                        }
                    },
                    "1": {
                        "QA": {
                            "exact_match": 57.81617226703932,
                            "f1": 81.14601943567548
                        }
                    }
                },
                "Awesome": {
                    "1": {
                        "QA": {
                            "exact_match": 62.211776662643715,
                            "f1": 80.91162883896708
                        }
                    },
                    "3": {
                        "QA": {
                            "exact_match": 62.31315090062719,
                            "f1": 82.01141012221503
                        }
                    },
                    "2": {
                        "QA": {
                            "exact_match": 60.57005526521606,
                            "f1": 81.14123805704241
                        }
                    }
                }
            }
        },
        "ro": {
            "relations": {
                "Awesome": {
                    "2": {
                        "QA": {
                            "exact_match": 63.03186943527962,
                            "f1": 82.83547492686183
                        }
                    },
                    "3": {
                        "QA": {
                            "exact_match": 65.88924055649197,
                            "f1": 84.24267129881514
                        }
                    },
                    "1": {
                        "QA": {
                            "exact_match": 62.93981696382764,
                            "f1": 82.01531927903004
                        }
                    }
                }
            },
            "medication": {
                "Awesome": {
                    "1": {
                        "QA": {
                            "exact_match": 24.878832957435577,
                            "f1": 65.6336983810641
                        }
                    },
                    "2": {
                        "QA": {
                            "exact_match": 20.848373376250144,
                            "f1": 63.805053715633385
                        }
                    },
                    "3": {
                        "QA": {
                            "exact_match": 28.035061080819933,
                            "f1": 68.31529563763743
                        }
                    }
                }
            }
        },
        "el": {
            "medication": {
                "FastAlign": {
                    "3": {
                        "QA": {
                            "exact_match": 19.13635631628592,
                            "f1": 54.306588662429384
                        }
                    },
                    "2": {
                        "QA": {
                            "exact_match": 12.484193585469594,
                            "f1": 49.48481083630941
                        }
                    },
                    "1": {
                        "QA": {
                            "exact_match": 14.782379192859542,
                            "f1": 50.66507373415905
                        }
                    }
                }
            },
            "relations": {
                "FastAlign": {
                    "3": {
                        "QA": {
                            "exact_match": 46.08336811848439,
                            "f1": 75.29152279212721
                        }
                    },
                    "2": {
                        "QA": {
                            "exact_match": 41.19459882218274,
                            "f1": 72.31219152289952
                        }
                    },
                    "1": {
                        "QA": {
                            "exact_match": 43.83095783718283,
                            "f1": 72.87903470996665
                        }
                    }
                }
            }
        },
        "en": {
            "medication": {
                "original": {
                    "2": {
                        "QA": {
                            "exact_match": 26.317967582480744,
                            "f1": 69.37783684923888
                        }
                    },