{
    "bg": {
        "medication": {
            "QA": {
                "exact_match": 21.99433394322139,
                "f1": 67.49402248747737
            },
            "PR": {
                "p@1": 0.7864014637313345,
                "p@2": 0.9268724547010565,
                "p@3": 0.9647051879832379
            },
            "PRQA": {
                "exact_match": 19.391489110547127,
                "f1": 58.73900824161878
            },
            "kept": "79.1%"
        },
        "relations": {
            "QA": {
                "exact_match": 73.2752248169646,
                "f1": 89.39770343274776
            },
            "PR": {
                "p@1": 0.8583154958186294,
                "p@2": 0.9467060056180137,
                "p@3": 0.9698594211003336
            },
            "PRQA": {
                "exact_match": 65.912670099183,
                "f1": 81.42247262392073
            },
            "kept": "79.3%"
        }
    },
    "cs": {
        "medication": {
            "QA": {
                "exact_match": 23.9995790470678,
                "f1": 70.0248447239548
            },
            "PR": {
                "p@1": 0.8183061906390592,
                "p@2": 0.9503275540003683,
                "p@3": 0.9814254518666632
            },
            "PRQA": {
                "exact_match": 21.91060012102397,
                "f1": 62.33384926161954
            },
            "kept": "87.2%"
        },
        "relations": {
            "QA": {
                "exact_match": 75.01211445385707,
                "f1": 91.3618612779852
            },
            "PR": {
                "p@1": 0.8837596258823117,
                "p@2": 0.9599026173058622,
                "p@3": 0.9777269197760432
            },
            "PRQA": {
                "exact_match": 68.76572689642288,
                "f1": 84.05184783911587
            }
        },
        "kept": "87.9%"
    },
    "el": {
        "medication": {
            "QA": {
                "exact_match": 17.113983548766157,
                "f1": 58.16797415864215
            },
            "PR": {
                "p@1": 0.668813160987074,
                "p@2": 0.8346886016451234,
                "p@3": 0.9015746180963572
            },
            "PRQA": {
                "exact_match": 15.017626321974149,
                "f1": 46.75405734822229
            },
            "kept": "46.7%"
        },
        "relations": {
            "QA": {
                "exact_match": 57.1229765036497,
                "f1": 84.19247528546177
            },
            "PR": {
                "p@1": 0.7990824123039352,
                "p@2": 0.902234712109105,
                "p@3": 0.9372323328455094
            },
            "PRQA": {
                "exact_match": 49.27858932114672,
                "f1": 73.41206452844803
            },
            "kept": "57.3%"
        }
    },
    "en": {
        "medication": {
            "QA": {
                "exact_match": 32.51793307847601,
                "f1": 74.66337812510062
            },
            "PR": {
                "p@1": 0.9116017353206477,
                "p@2": 0.9878226880288647,
                "p@3": 0.9975086980799793
            },
            "PRQA": {
                "exact_match": 31.267986770327735,
                "f1": 71.30781730464307
            }, 
            "kept": "100%"
        }, 
        "relations": {
            "QA": {
                "exact_match": 94.49629112277829,
                "f1": 97.98156124751361
            },
            "PR": {
                "p@1": 0.98084750252878,
                "p@2": 0.9984044602861134,
                "p@3": 0.9995544530610279
            },
            "PRQA": {
                "exact_match": 92.90978276576273,
                "f1": 96.69145989622872
            },
            "kept": "100%"
        }
    },
    "pl": {
        "medication": {
            "QA": {
                "exact_match": 24.52331662671606,
                "f1": 69.12074837781313
            },
            "PR": {
                "p@1": 0.8082098496404445,
                "p@2": 0.9464207888428852,
                "p@3": 0.9800882545216822
            },
            "PRQA": {
                "exact_match": 22.202549575070822,
                "f1": 61.095174630905746
            },
            "kept": "83.5%"
        },
        "relations": {
            "QA": {
                "exact_match": 71.04631637189492,
                "f1": 88.82217183738774
            },
            "PR": {
                "p@1": 0.8484407872303465,
                "p@2": 0.9402950505368942,
                "p@3": 0.962948189228661
            },
            "PRQA": {
                "exact_match": 63.896519999227955,
                "f1": 80.23545178456749
            },
            "kept": "81.2%"
        }
    },
    "ro": {
        "medication": {
            "QA": {
                "exact_match": 25.53761363929022,
                "f1": 70.90559165927603
            },
            "PR": {
                "p@1": 0.8258260578433645,
                "p@2": 0.9538231734013237,
                "p@3": 0.982950887223467
            },
            "PRQA": {
                "exact_match": 23.448968554430966,
                "f1": 63.8686468316976
            }, 
            "kept": "88.7%"
        },
        "relations": {
            "QA": {
                "exact_match": 76.04521853131774,
                "f1": 91.48166418418293
            },
            "PR": {
                "p@1": 0.8884774396099154,
                "p@2": 0.960905290637165,
                "p@3": 0.9774769853545779
            },
            "PRQA": {
                "exact_match": 70.03582292091932,
                "f1": 84.72959406963307
            },
            "kept": "89.2%"
        }
    }

}