{
    "medication": {
        "Levenshtein": {
            "ClinicalBERT": {
                "QA": {
                    "exact_match": 22.520750560560167,
                    "f1": 67.28340087762219
                },
                "PR": {
                    "p@1": 0.7899767908422171,
                    "p@2": 0.938594075764132,
                    "p@3": 0.9738405255497423
                },
                "PRQA": {
                    "exact_match": 19.975610715550136,
                    "f1": 58.57328189260117
                }
            },
            "mBERT": {
                "QA": {
                    "exact_match": 24.2988080720664,
                    "f1": 68.3435483555386
                },
                "PR": {
                    "p@1": 0.8048463868455215,
                    "p@2": 0.9448487470988552,
                    "p@3": 0.9787970575508438
                },
                "PRQA": {
                    "exact_match": 22.257188938279377,
                    "f1": 60.2023117024358
                }
            }
        },
        "FastAlign": {
            "ClinicalBERT": {
                "QA": {
                    "exact_match": 23.714450264651838,
                    "f1": 66.27722278937841
                },
                "PR": {
                    "p@1": 0.7980967007651592,
                    "p@2": 0.9438883251515234,
                    "p@3": 0.978334201793599
                },
                "PRQA": {
                    "exact_match": 21.032279296821436,
                    "f1": 58.1502432340001
                }
            },
            "mBERT": {
                "QA": {
                    "exact_match": 25.146038449935553,
                    "f1": 67.66625982545015
                },
                "PR": {
                    "p@1": 0.8202012999478924,
                    "p@2": 0.9476455585113677,
                    "p@3": 0.9784164769766612
                },
                "PRQA": {
                    "exact_match": 23.00688369031621,
                    "f1": 60.50843190397961
                }
            }
        },
        "Awesome": {
            "ClinicalBERT": {
                "QA": {
                    "exact_match": 22.189754119938925,
                    "f1": 67.03546883981872
                },
                "PR": {
                    "p@1": 0.8012162375612067,
                    "p@2": 0.9479018585794766,
                    "p@3": 0.9807297425367241
                },
                "PRQA": {
                    "exact_match": 19.520349602485126,
                    "f1": 58.90344610710478
                }
            },
            "mBERT": {
                "QA": {
                    "exact_match": 23.650818722687305,
                    "f1": 68.06560569774086
                },
                "PR": {
                    "p@1": 0.8149844679618807,
                    "p@2": 0.9461907018375191,
                    "p@3": 0.9804401621650082
                },
                "PRQA": {
                    "exact_match": 21.08145106091718,
                    "f1": 59.94447911746295
                }
            }
        }
    },
    "relations": {
        "Levenshtein": {
            "ClinicalBERT": {
                "QA": {
                    "exact_match": 54.93828980933984,
                    "f1": 86.41491491735115
                },
                "PR": {
                    "p@1": 0.8308536207735524,
                    "p@2": 0.9272158898211363,
                    "p@3": 0.9553872922718493
                },
                "PRQA": {
                    "exact_match": 48.665526342952354,
                    "f1": 76.43857362647272
                }
            },
            "mBERT": {
                "QA": {
                    "exact_match": 57.94564784641019,
                    "f1": 88.83859908922548
                },
                "PR": {
                    "p@1": 0.8634339472403675,
                    "p@2": 0.9422416208325346,
                    "p@3": 0.965016146393972
                },
                "PRQA": {
                    "exact_match": 52.73087868823451,
                    "f1": 80.58882588463642
                }
            }
        },
        "FastAlign": {
            "ClinicalBERT": {
                "QA": {
                    "exact_match": 62.57693437044799,
                    "f1": 86.99120535956223
                },
                "PR": {
                    "p@1": 0.8549459660193336,
                    "p@2": 0.9353722500820442,
                    "p@3": 0.9638890648119894
                },
                "PRQA": {
                    "exact_match": 56.33064075031522,
                    "f1": 78.86346169553033
                }
            },
            "mBERT": {
                "QA": {
                    "exact_match": 66.83459326259306,
                    "f1": 89.88065451767511
                },
                "PR": {
                    "p@1": 0.8817125058294518,
                    "p@2": 0.949282329708038,
                    "p@3": 0.9727671040434805
                },
                "PRQA": {
                    "exact_match": 61.769735213343544,
                    "f1": 82.68729663034378
                }
            }
        },
        "Awesome": {
            "ClinicalBERT": {
                "QA": {
                    "exact_match": 71.8179854393022,
                    "f1": 88.74864558427261
                },
                "PR": {
                    "p@1": 0.854363830619501,
                    "p@2": 0.9372208567108236,
                    "p@3": 0.9635165194444282
                },
                "PRQA": {
                    "exact_match": 64.47866980377503,
                    "f1": 80.03884912094223
                }
            },
            "mBERT": {
                "QA": {
                    "exact_match": 74.61160769019692,
                    "f1": 91.03566379463773
                },
                "PR": {
                    "p@1": 0.8854177005307007,
                    "p@2": 0.9560610218176935,
                    "p@3": 0.9736167629011636
                },
                "PRQA": {
                    "exact_match": 68.38039968940292,
                    "f1": 83.81925289504588
                }
            }
        }
    }
}